Metric,Value
Accuracy,0.9488188976377953
Precision,0.9514979205580955
Recall,0.9488188976377953
F1-score,0.9456394689394018
