{
  "model_path": "/mnt/d/thesisProject/LightFieldGrid/levelone/KittiDataset/models/voxel3d_best.pth",
  "voxel_root": "/mnt/d/thesisProject/LightFieldGrid/levelone/KittiDataset/Kitti/voxels",
  "seed": 42,
  "val_split": 0.2,
  "batch_size": 16,
  "validation_accuracy": 0.9488188976377953,
  "confusion_matrix": [
    [
      213,
      0,
      0
    ],
    [
      4,
      18,
      2
    ],
    [
      2,
      5,
      10
    ]
  ],
  "normalized_confusion_matrix": [
    [
      1.0,
      0.0,
      0.0
    ],
    [
      0.16666666666666666,
      0.75,
      0.08333333333333333
    ],
    [
      0.11764705882352941,
      0.29411764705882354,
      0.5882352941176471
    ]
  ],
  "classes": [
    "car",
    "pedestrian",
    "cyclist"
  ]
}